{
    "name": "mikili转化+耳朵图层前移",
    "version": "1.0.1",
    "styleFileList": [],
    "scriptFileList": [],
    "tweeFileList": [],
    "additionFile": [],
    "imgFileList": [
        "img/transformations/angel/backbrokenhalo.png",
        "img/transformations/angel/backhalo.png",
        "img/transformations/angel/brokenhalo.png",
        "img/transformations/angel/brokenwings.png",
        "img/transformations/angel/frontbrokenhalo.png",
        "img/transformations/angel/fronthalo.png",
        "img/transformations/angel/halo.png",
        "img/transformations/angel/leftcover.png",
        "img/transformations/angel/leftwing.png",
        "img/transformations/angel/rightcover.png",
        "img/transformations/angel/rightwing.png",
        "img/transformations/angel/wings.png",
        "img/transformations/angel/backhalo/default.png",
        "img/transformations/angel/backhalo/traditional.png",
        "img/transformations/angel/fronthalo/default.png",
        "img/transformations/angel/fronthalo/traditional.png",
        "img/transformations/angel/leftcover/classic.png",
        "img/transformations/angel/leftcover/default.png",
        "img/transformations/angel/leftwing/classic.png",
        "img/transformations/angel/leftwing/default.png",
        "img/transformations/angel/leftwing/default_back.png",
        "img/transformations/angel/leftwing/default_mask.png",
        "img/transformations/angel/rightcover/classic.png",
        "img/transformations/angel/rightcover/default.png",
        "img/transformations/angel/rightwing/classic.png",
        "img/transformations/angel/rightwing/default.png",
        "img/transformations/angel/rightwing/default_mask.png",
        "img/transformations/bird/eyes/default.png",
        "img/transformations/bird/leftcover/default-demon.png",
        "img/transformations/bird/leftcover/default.png",
        "img/transformations/bird/leftwing/default-demon.png",
        "img/transformations/bird/leftwing/default.png",
        "img/transformations/bird/malar/default.png",
        "img/transformations/bird/plumage/default.png",
        "img/transformations/bird/pubes/default.png",
        "img/transformations/bird/rightcover/default-demon.png",
        "img/transformations/bird/rightcover/default.png",
        "img/transformations/bird/rightwing/default-demon.png",
        "img/transformations/bird/rightwing/default.png",
        "img/transformations/bird/tail/default.png",
        "img/transformations/cat/ears.png",
        "img/transformations/cat/tail.png",
        "img/transformations/cat/covertail/default.png",
        "img/transformations/cat/covertail/duanmao.png",
        "img/transformations/cat/covertail/xuebao.png",
        "img/transformations/cat/ears/default.png",
        "img/transformations/cat/ears/duanmao.png",
        "img/transformations/cat/ears/xuebao.png",
        "img/transformations/cat/flaunttail/default.png",
        "img/transformations/cat/flaunttail/duanmao.png",
        "img/transformations/cat/flaunttail/xuebao.png",
        "img/transformations/cat/tail/default.png",
        "img/transformations/cat/tail/duanmao.png",
        "img/transformations/cat/tail/xuebao.png",
        "img/transformations/chimera/demon-harpy/leftwing/default.png",
        "img/transformations/chimera/demon-harpy/rightwing/default.png",
        "img/transformations/cow/tag.png",
        "img/transformations/cow/ears/default.png",
        "img/transformations/cow/ears/spotted black.png",
        "img/transformations/cow/ears/spotted brown.png",
        "img/transformations/cow/horns/baijiao.png",
        "img/transformations/cow/horns/default-demon.png",
        "img/transformations/cow/horns/default.png",
        "img/transformations/cow/tail/black-demon.png",
        "img/transformations/cow/tail/black.png",
        "img/transformations/cow/tail/default-demon.png",
        "img/transformations/cow/tail/default.png",
        "img/transformations/demon/flaunttail/classic.png",
        "img/transformations/demon/flaunttail/default-cat.png",
        "img/transformations/demon/flaunttail/default.png",
        "img/transformations/demon/flaunttail/succubus.png",
        "img/transformations/demon/flauntwings/default.png",
        "img/transformations/demon/flauntwings/mini.png",
        "img/transformations/demon/flauntwings/succubus.png",
        "img/transformations/demon/horns/classic.png",
        "img/transformations/demon/horns/default.png",
        "img/transformations/demon/horns/succubus.png",
        "img/transformations/demon/leftcover/blue.png",
        "img/transformations/demon/leftcover/default.png",
        "img/transformations/demon/leftcover/leftcover.png",
        "img/transformations/demon/leftcover/lime.png",
        "img/transformations/demon/leftcover/pink.png",
        "img/transformations/demon/leftcover/red.png",
        "img/transformations/demon/leftcover/succubus.png",
        "img/transformations/demon/leftcover/yellow.png",
        "img/transformations/demon/rightcover/classic.png",
        "img/transformations/demon/rightcover/default-cat.png",
        "img/transformations/demon/rightcover/default.png",
        "img/transformations/demon/rightcover/succubus.png",
        "img/transformations/demon/tail/classic.png",
        "img/transformations/demon/tail/default-cat.png",
        "img/transformations/demon/tail/default.png",
        "img/transformations/demon/tail/succubus.png",
        "img/transformations/demon/wings/default.png",
        "img/transformations/demon/wings/mini.png",
        "img/transformations/demon/wings/succubus.png",
        "img/transformations/fallen/backbrokenhalo.png",
        "img/transformations/fallen/broken wings.png",
        "img/transformations/fallen/brokenhalo.png",
        "img/transformations/fallen/brokenwings.png",
        "img/transformations/fallen/fallenplus.png",
        "img/transformations/fallen/frontbrokenhalo.png",
        "img/transformations/fallen/leftcover.png",
        "img/transformations/fallen/leftwing.png",
        "img/transformations/fallen/rightcover.png",
        "img/transformations/fallen/rightwing.png",
        "img/transformations/fallen/backbrokenhalo/default.png",
        "img/transformations/fallen/backbrokenhalo/traditional.png",
        "img/transformations/fallen/backbrokenhalo/yuanhuan.png",
        "img/transformations/fallen/brokenhalo/default.png",
        "img/transformations/fallen/brokenhalo/traditional.png",
        "img/transformations/fallen/brokenhalo/yuanhuan.png",
        "img/transformations/fallen/brokenwings/classic.png",
        "img/transformations/fallen/brokenwings/classicfallenplus.png",
        "img/transformations/fallen/brokenwings/default.png",
        "img/transformations/fallen/brokenwings/fallenplus.png",
        "img/transformations/fallen/frontbrokenhalo/default.png",
        "img/transformations/fallen/frontbrokenhalo/traditional.png",
        "img/transformations/fallen/leftcover/classic.png",
        "img/transformations/fallen/leftcover/classicfallenplus.png",
        "img/transformations/fallen/leftcover/default.png",
        "img/transformations/fallen/leftcover/fallenplus.png",
        "img/transformations/fallen/leftwing/classic.png",
        "img/transformations/fallen/leftwing/classicfallenplus.png",
        "img/transformations/fallen/leftwing/default.png",
        "img/transformations/fallen/leftwing/default_mask.png",
        "img/transformations/fallen/leftwing/fallenplus.png",
        "img/transformations/fallen/leftwing/fallenplus_mask.png",
        "img/transformations/fallen/rightcover/classic.png",
        "img/transformations/fallen/rightcover/classicfallenplus.png",
        "img/transformations/fallen/rightcover/default.png",
        "img/transformations/fallen/rightcover/fallenplus.png",
        "img/transformations/fallen/rightwing/classic.png",
        "img/transformations/fallen/rightwing/classicfallenplus.png",
        "img/transformations/fallen/rightwing/default.png",
        "img/transformations/fallen/rightwing/default_mask.png",
        "img/transformations/fallen/rightwing/fallenplus.png",
        "img/transformations/fallen/rightwing/fallenplus_mask.png",
        "img/transformations/fox/cheeks/default.png",
        "img/transformations/fox/ears/default.png",
        "img/transformations/fox/tail/default.png",
        "img/transformations/fox/tail/jiuwei.png",
        "img/transformations/hirsute/bushtamered.png",
        "img/transformations/hirsute/pits/default.png",
        "img/transformations/hirsute/pubes/default.png",
        "img/transformations/wolf/cheeks/feral.png",
        "img/transformations/wolf/ears/default.png",
        "img/transformations/wolf/ears/feral.png",
        "img/transformations/wolf/tail/default.png",
        "img/transformations/wolf/tail/feral.png"
    ],
    "addonPlugin": [
      {
        "modName": "TweeReplacer",
        "addonName": "TweeReplacerAddon",
        "modVersion": "1.2.0",
        "params": [
          {
            "passage": "Widgets Mirror",
            "findString": "<<listbox \"_cat.ears\" autoselect>>",
            "replaceFile": "addon-transformations/cat/catears.txt"
          },
          {
            "passage": "Widgets Mirror",
            "findString": "<<listbox \"_cat.tail\" autoselect>>",
            "replaceFile": "addon-transformations/cat/cattail.txt"
          },
          {
            "passage": "Widgets Mirror",
            "findString": "<<listbox \"_cow.horns\" autoselect>>",
            "replaceFile": "addon-transformations/cow/cowhorns.txt"
          }
        ]
      },
      {
        "modName": "ReplacePatcher",
        "addonName": "ReplacePatcherAddon",
        "modVersion": "1.0.0",
        "params": {
          "js": [
            {
              "TODO": "Cowears图层调整",
              "fileName": "canvasmodel-main.js",
              "from": "{\n\t\t\t\treturn options.show_tf && isPartEnabled(options.cow_ears_type) && !options.hideAll;\n\t\t\t},",
              "to": "{\n\t\t\t\treturn options.show_tf && isPartEnabled(options.cow_ears_type) && !options.hideAll;\n\t\t\t},\n\t\t\tzfn(options) {\n\t\t\t\tif(options.cow_ears_layer === \"front\") {\n\t\t\t\t\treturn ZIndices.hair\n\t\t\t\t\t} else {\n\t\t\t\t\t\treturn ZIndices.ears\n\t\t\t\t}\n\t\t\t},"
            },
            {
              "TODO": "前移狼转化耳朵",
              "fileName": "canvasmodel-main.js",
              "from": "z: ZIndices.backhair,\n\t\t\tanimation: \"idle\",\n\t\t\tfilters: [\"hair\"],\n\n\t\t\tsrcfn(options) {\n\t\t\t\treturn `img/transformations/wolf/ears/${options.wolf_ears_type}.png`;\n\t\t\t},",
              "to": "z: ZIndices.face,\n\t\t\tanimation: \"idle\",\n\t\t\tfilters: [\"hair\"],\n\n\t\t\tsrcfn(options) {\n\t\t\t\treturn `img/transformations/wolf/ears/${options.wolf_ears_type}.png`;\n\t\t\t},"
            },
            {
              "TODO": "前移狐转化耳朵",
              "fileName": "canvasmodel-main.js",
              "from": "z: ZIndices.backhair,\n\t\t\tanimation: \"idle\",\n\n\t\t\tsrcfn(options) {\n\t\t\t\treturn `img/transformations/fox/ears/${options.fox_ears_type}.png`;\n\t\t\t},",
              "to": "z: ZIndices.face,\n\t\t\tanimation: \"idle\",\n\n\t\t\tsrcfn(options) {\n\t\t\t\treturn `img/transformations/fox/ears/${options.fox_ears_type}.png`;\n\t\t\t},"
            },
            {
              "TODO": "前移猫转化耳朵",
              "fileName": "canvasmodel-main.js",
              "from": "z: ZIndices.backhair,\n\t\t\tanimation: \"idle\",\n\n\t\t\tsrcfn(options) {\n\t\t\t\treturn `img/transformations/cat/ears/${options.cat_ears_type}.png`;\n\t\t\t},",
              "to": "z: ZIndices.face,\n\t\t\tanimation: \"idle\",\n\n\t\t\tsrcfn(options) {\n\t\t\t\treturn `img/transformations/cat/ears/${options.cat_ears_type}.png`;\n\t\t\t},"
            },
            {
              "TODO": "前移鸟胸毛",
              "fileName": "canvasmodel-main.js",
              "from": "z: ZIndices.lower,\n\t\t\tanimation: \"idle\",\n\n\t\t\tsrcfn(options) {\n\t\t\t\treturn `img/transformations/bird/plumage/${options.bird_plumage_type}.png`;\n\t\t\t},",
              "to": "z: ZIndices.upper_top,\n\t\t\tanimation: \"idle\",\n\n\t\t\tsrcfn(options) {\n\t\t\t\treturn `img/transformations/bird/plumage/${options.bird_plumage_type}.png`;\n\t\t\t},"
            }
          ],
          "css": [],
          "twee": []
        }
      },
      {
        "modName": "ModLoader DoL ImageLoaderHook",
        "addonName": "ImageLoaderAddon",
        "modVersion": "^2.3.0",
        "params": []
      }
    ],
    "dependenceInfo": [
      {
        "modName": "ModdedClothesAddon",
        "version": "^1.1.0"
      },
      {
        "modName": "ModLoader DoL ImageLoaderHook",
        "version": "^2.3.0"
      }
    ]
  }